Region,Year,Median AQI,Good Days,Moderate Days,Unhealthy for Sensitive Groups Days,Unhealthy Days,Very Unhealthy Days,Hazardous Days,Days CO,Days NO2,Days Ozone,Days SO2,Days PM2.5,Days PM10,Total_Dias,Good Days_pct,Moderate Days_pct,Unhealthy for Sensitive Groups Days_pct,Unhealthy Days_pct,Very Unhealthy Days_pct,Hazardous Days_pct,Total_Contaminantes,Days CO_pct,Days NO2_pct,Days Ozone_pct,Days SO2_pct,Days PM2.5_pct,Days PM10_pct
Midwest,1980,48.53383458646616,177.7669172932331,80.02255639097744,43.99248120300752,13.082706766917294,1.300751879699248,0.0,27.533834586466167,16.518796992481203,118.69172932330827,153.42105263157896,0.0,0.0,316.16541353383457,56.22592152199763,25.310344827586206,13.914387633769323,4.137931034482759,0.4114149821640904,0.0,316.16541353383457,8.708680142687278,5.224732461355529,37.5410225921522,48.525564803805,0.0,0.0
Midwest,1981,47.67669172932331,183.8421052631579,80.74436090225564,43.49624060150376,12.022556390977444,0.7744360902255639,0.0,26.43609022556391,13.75187969924812,117.06015037593986,163.6315789473684,0.0,0.0,320.8796992481203,57.29315556388688,25.16343698010638,13.555310823160017,3.7467488342667012,0.24134779858003141,0.0,320.8796992481203,8.238629706867869,4.2856808116784215,36.48100850575251,50.9946809757012,0.0,0.0
Midwest,1982,49.03007518796993,184.13533834586465,83.89473684210526,41.3984962406015,11.578947368421053,0.5338345864661654,0.0,26.804511278195488,10.917293233082706,123.84210526315789,159.97744360902254,0.0,0.0,321.54135338345867,57.26645621419384,26.091429907634744,12.875014614755056,3.601075645972173,0.16602361744417163,0.0,321.5413533834586,8.336256284344675,3.3952998947737636,38.51514088623875,49.75330293464282,0.0,0.0
Midwest,1983,48.60629921259842,194.62992125984252,84.62204724409449,46.10236220472441,14.590551181102363,1.7401574803149606,0.0,27.68503937007874,9.188976377952756,136.0236220472441,168.70866141732284,0.0,0.07874015748031496,341.6850393700787,56.96179195280454,24.76609669539568,13.492648753283865,4.270175600313408,0.5092869982025165,0.0,341.6850393700787,8.102502650135964,2.689311886435913,39.80965110383924,49.37548969903674,0.0,0.02304466055215007
Midwest,1984,49.15503875968992,194.63565891472868,83.81395348837209,47.06201550387597,11.294573643410853,0.5581395348837209,0.0,27.899224806201552,9.356589147286822,128.5891472868217,170.71317829457365,0.0,0.8062015503875969,337.3643410852713,57.69301470588236,24.84375,13.949908088235297,3.3478860294117654,0.16544117647058826,0.0,337.3643410852713,8.269761029411764,2.7734375000000004,38.11580882352942,50.602022058823536,0.0,0.23897058823529413
Midwest,1985,45.51700680272109,183.0,75.37414965986395,38.36054421768708,8.748299319727892,0.272108843537415,0.006802721088435374,20.829931972789115,8.877551020408163,117.5374149659864,143.16326530612244,0.0,15.353741496598639,305.7619047619048,59.85049057779162,24.651255923643397,12.54588737846797,2.8611475738091525,0.08899370369546354,0.0022248425923865884,305.76190476190476,6.812468017887735,2.903419583064498,38.44083031125548,46.82181235677575,0.0,5.021469731016531
Midwest,1986,43.804054054054056,189.55405405405406,72.69594594594595,36.472972972972975,7.297297297297297,0.3108108108108108,0.0,21.236486486486488,8.162162162162161,111.3108108108108,139.43243243243242,0.0,26.18918918918919,306.3310810810811,61.87881862496416,23.731168802523325,11.906389924344355,2.382160266449037,0.10146238171912567,0.0,306.33108108108104,6.932527516156783,2.6644903721022564,36.336766879149486,45.516906720779936,0.0,8.549308511811546
Midwest,1987,42.67741935483871,181.03225806451613,71.46451612903226,35.42580645161291,8.187096774193549,0.8451612903225807,0.0064516129032258064,23.483870967741936,8.858064516129032,111.04516129032258,132.5741935483871,0.0,21.0,296.9612903225807,60.96156770731495,24.06526320363249,11.929435790479914,2.756957570227465,0.28460318494861936,0.0021725433965543457,296.9612903225806,7.9080579634578205,2.982902083469117,37.393816941493405,44.64359425579526,0.0,7.071628755784396
Midwest,1988,43.67901234567901,170.46913580246914,68.25925925925925,36.47530864197531,13.679012345679013,2.993827160493827,0.0,22.895061728395063,10.209876543209877,116.41358024691358,123.82098765432099,0.3395061728395062,18.19753086419753,291.8765432098765,58.40453430335843,23.386346332797565,12.49682767955334,4.686574739869724,1.025716944420946,0.0,291.8765432098765,7.8440910244480175,3.4980120125200918,39.88452753574148,42.42238389307166,0.11631841637763304,6.2346671178411315
Midwest,1989,42.18235294117647,184.61764705882354,72.31764705882352,29.935294117647057,6.970588235294118,0.34705882352941175,0.0,21.470588235294116,12.33529411764706,116.58823529411765,119.54705882352941,0.47058823529411764,23.776470588235295,294.1882352941177,62.75493881468447,24.58210029592897,10.17555786611213,2.3694313364792445,0.11797168679516913,0.0,294.18823529411765,7.2982484203791085,4.192993681516436,39.63048868271615,40.636247300647845,0.15996160921378869,8.082060305526674
Midwest,1990,39.344632768361585,193.1581920903955,60.87005649717514,27.418079096045197,5.7175141242937855,0.2598870056497175,0.005649717514124294,19.64406779661017,11.062146892655367,120.15254237288136,111.7909604519774,0.6214689265536724,24.15819209039548,287.4293785310735,67.2019656019656,21.177395577395576,9.539066339066338,1.9891891891891889,0.09041769041769039,0.0019656019656019656,287.42937853107344,6.834398034398034,3.8486486486486484,41.802457002457004,38.8933660933661,0.21621621621621623,8.404914004914005
Midwest,1991,40.69230769230769,180.56593406593407,60.29120879120879,29.54945054945055,8.153846153846153,0.6813186813186813,0.0,17.36263736263736,9.774725274725276,125.87912087912088,102.83516483516483,0.6813186813186813,22.708791208791208,279.2417582417582,64.66294124591714,21.591043248986665,10.5820314037228,2.9199952776356697,0.2439888237377514,0.0,279.2417582417582,6.217779701703987,3.500452559914998,45.07890283735391,36.82657116996577,0.2439888237377514,8.1323049073236
Midwest,1992,36.26519337016575,203.51381215469613,53.110497237569064,21.392265193370164,3.8011049723756907,0.09392265193370165,0.0055248618784530384,17.784530386740332,12.751381215469614,122.56906077348066,100.7513812154696,1.0331491712707181,27.027624309392266,281.91712707182324,72.18923315107688,18.83904599525741,7.588139612362081,1.3483057988907832,0.033315695612126904,0.0019597468007133472,281.9171270718232,6.308424951496268,4.523095616046407,43.476982773825625,35.73794265780862,0.36647265173339605,9.587081349089699
Midwest,1993,36.775956284153004,209.30054644808743,52.2896174863388,20.557377049180328,3.66120218579235,0.09836065573770492,0.0,19.273224043715846,10.650273224043715,133.01639344262296,97.31693989071039,1.2076502732240437,24.442622950819672,285.90710382513663,73.20578735115919,18.28902352783777,7.190229544542344,1.2805565642858507,0.03440301217484375,0.0,285.90710382513663,6.741079107815216,3.725081707153915,46.5243401311137,34.03795799009958,0.422392538368915,8.549148525448672
Midwest,1994,38.10752688172043,198.79569892473117,57.12903225806452,23.467741935483872,4.994623655913978,0.3064516129032258,0.0,19.446236559139784,11.946236559139784,139.11290322580646,90.02688172043011,0.6827956989247311,23.478494623655912,284.69354838709677,69.82796064434498,20.06685173644553,8.243159027817121,1.7543859649122806,0.10764262648008613,0.0,284.69354838709677,6.830585613657394,4.196173965592129,48.864087020565414,31.622382112439336,0.23983532566615676,8.24693596207958
Midwest,1995,36.96808510638298,201.95744680851064,53.98936170212766,21.840425531914892,6.196808510638298,0.6117021276595744,0.0,18.52659574468085,17.079787234042552,141.4255319148936,81.28191489361703,0.6223404255319149,25.659574468085108,284.59574468085106,70.96291866028709,18.970544258373206,7.674192583732058,2.177407296650718,0.2149372009569378,0.0,284.595744680851,6.509793660287083,6.001420454545456,49.693480861244026,28.560481459330152,0.21867523923444981,9.016148325358854
Midwest,1996,36.42780748663102,206.10160427807486,51.705882352941174,20.06417112299465,5.2032085561497325,0.3422459893048128,0.0053475935828877,14.294117647058824,15.796791443850267,141.33155080213905,85.40641711229947,0.5989304812834224,25.994652406417114,283.4224598930481,72.71886792452831,18.243396226415097,7.079245283018869,1.835849056603774,0.12075471698113208,0.0018867924528301887,283.4224598930482,5.043396226415093,5.573584905660376,49.86603773584905,30.133962264150938,0.21132075471698106,9.171698113207546
Midwest,1997,35.654639175257735,208.46391752577318,52.6958762886598,17.871134020618555,3.5876288659793816,0.1958762886597938,0.0,12.010309278350515,14.268041237113403,148.4742268041237,81.00515463917526,1.056701030927835,26.0,282.8144329896907,73.7104946597164,18.63266868370211,6.319031822986913,1.2685451828090257,0.06925965078555026,0.0,282.8144329896907,4.246710166587687,5.045018773010608,52.49881529544709,28.642510844603216,0.3736375897641527,9.193307330587249
Midwest,1998,38.545918367346935,189.77551020408163,59.826530612244895,21.989795918367346,5.301020408163265,0.2755102040816326,0.0,11.75,12.846938775510203,153.29591836734693,73.42857142857143,1.6581632653061225,24.18877551020408,277.16836734693874,68.46939714680167,21.58490566037736,7.933732167510355,1.912563276576162,0.09940174873446848,0.0,277.16836734693874,4.23930050621261,4.635066728025771,55.30786930510815,26.492406810860565,0.5982512655315233,8.72710538426139
Midwest,1999,41.448113207547166,173.03773584905662,70.13207547169812,21.94811320754717,6.127358490566038,0.22641509433962265,0.0,8.179245283018869,8.650943396226415,139.25471698113208,58.62735849056604,43.735849056603776,13.023584905660377,271.4716981132076,63.74061718098415,25.834028356964133,8.084862385321099,2.2570892410341945,0.08340283569641366,0.0,271.47169811320754,3.012927439532944,3.186683347233806,51.296219071448434,21.596121768140115,16.11064776202391,4.7974006116207955
Midwest,2000,40.415929203539825,178.55309734513276,77.54867256637168,13.663716814159292,2.0929203539823007,0.084070796460177,0.0,6.150442477876106,8.898230088495575,126.76548672566372,53.41150442477876,64.92035398230088,11.79646017699115,271.94247787610624,65.65840641728632,28.516572023625503,5.024487869962088,0.7696187702370685,0.030914918889015437,0.0,271.94247787610624,2.2616703818806028,3.27210009925316,46.6148163816528,19.640736100489757,23.872825786296552,4.337851250427113
Midwest,2001,40.59307359307359,176.71861471861473,76.96969696969697,16.653679653679653,3.090909090909091,0.08658008658008658,0.004329004329004329,5.896103896103896,6.87012987012987,133.08225108225108,46.943722943722946,66.47619047619048,14.255411255411255,273.5238095238095,64.60812864016208,28.14003545201317,6.088566725753355,1.130032919726513,0.03165358318561661,0.0015826791592808305,273.5238095238096,2.1556090149404907,2.5117118257786775,48.65472271461128,17.162572803241325,24.303621169916433,5.211762471511775
Midwest,2002,40.111111111111114,178.22222222222223,74.25641025641026,16.927350427350426,6.1068376068376065,0.44017094017094016,0.0,5.213675213675214,5.837606837606837,134.54273504273505,46.06410256410256,70.32051282051282,13.974358974358974,275.95299145299145,64.58426896690568,26.909079646291794,6.134142753163086,2.2129992411689092,0.15950939247053722,0.0,275.9529914529914,1.8893345515927713,2.115435243832562,48.75567187524199,16.69273535378564,25.48278692332709,5.0640360522199686
Midwest,2003,39.96234309623431,182.51464435146443,77.03347280334728,13.347280334728033,2.1129707112970713,0.26359832635983266,0.0,3.0292887029288704,6.7489539748953975,135.7573221757322,43.53974895397489,72.07531380753139,14.121338912133892,275.2719665271967,66.3033895728834,27.984496124031004,4.84876120991032,0.7675938592491259,0.09575923392612858,0.0,275.2719665271966,1.1004711962304303,2.451740386076912,49.317525459796336,15.81699346405229,26.18331053351574,5.129958960328318
Midwest,2004,37.756198347107436,203.80578512396696,65.06611570247934,8.491735537190083,0.4793388429752066,0.004132231404958678,0.0,2.5991735537190084,6.789256198347108,141.95867768595042,41.756198347107436,69.32644628099173,15.417355371900827,277.84710743801656,73.35177501152604,23.417956840524095,3.0562619908089053,0.1725189250286292,0.0014872321123157689,0.0,277.84710743801656,0.9354689986466188,2.4435223605348084,51.092371986495934,15.028480494950843,24.951293148321653,5.548863011050134
Midwest,2005,41.46530612244898,181.73877551020408,77.48571428571428,17.212244897959184,2.23265306122449,0.10612244897959183,0.0,2.4204081632653063,6.453061224489796,148.58367346938775,39.583673469387755,66.08571428571429,15.648979591836735,278.7755102040816,65.1918008784773,27.795021961932648,6.174231332357248,0.800878477306003,0.03806734992679356,0.0,278.7755102040816,0.8682284040995608,2.314787701317716,53.298682284041,14.199121522693996,23.705710102489018,5.613469985358712
Midwest,2006,38.32388663967611,200.8178137651822,69.95141700404858,8.607287449392713,0.8502024291497976,0.016194331983805668,0.0,2.554655870445344,6.380566801619433,150.33603238866397,38.64372469635627,68.22267206477733,14.105263157894736,280.2429149797571,71.65848020803237,24.96099393238948,3.071366657035539,0.30338052585957814,0.005778676683039585,0.0,280.2429149797571,0.9115862467494944,2.276798613117596,53.644900317827215,13.789367234903208,24.344120196475007,5.033227390927478
Midwest,2007,41.20164609053498,192.8395061728395,82.14814814814815,13.720164609053498,1.6666666666666667,0.024691358024691357,0.0,2.279835390946502,4.082304526748971,151.2716049382716,32.23045267489712,87.75720164609054,12.777777777777779,290.3991769547325,66.40497683052983,28.28800997633455,4.724587980217382,0.5739226550653989,0.008502557852820723,0.0,290.3991769547325,0.7850695084104468,1.4057562316663597,52.09092068530615,11.098672183881986,30.219507701900323,4.400073688834724
Midwest,2008,39.22540983606557,210.29098360655738,73.86065573770492,5.504098360655738,0.5,0.0,0.0,1.3524590163934427,4.745901639344262,153.24180327868854,28.598360655737704,88.70901639344262,13.508196721311476,290.15573770491807,72.47521116415717,25.455521342410798,1.8969462414192488,0.1723212520127687,0.0,0.0,290.15573770491807,0.46611486200175145,1.6356394248425092,52.81363880335602,9.856210627418852,30.57289753947851,4.655498742902341
Midwest,2009,36.800796812749006,220.37450199203187,62.62948207171315,3.5139442231075697,0.26294820717131473,0.00796812749003984,0.00398406374501992,1.4143426294820718,4.378486055776892,154.6812749003984,25.46613545816733,88.92828685258964,11.92430278884462,286.7928286852589,76.84100854344658,21.837882892269228,1.2252552615128154,0.09168576786830591,0.0027783566020698766,0.0013891783010349383,286.79282868525894,0.49315829686740303,1.5267069528373967,53.93484753768146,8.879627700215323,31.007848857400848,4.1578106549975695
Midwest,2010,39.84860557768924,206.15537848605578,79.11553784860558,5.892430278884462,0.28286852589641437,0.0,0.0,0.6892430278884463,3.5617529880478087,154.17131474103584,21.756972111553786,99.33466135458167,11.93227091633466,291.44621513944224,70.73530818968463,27.145845009774032,2.02178994709718,0.09705685344415131,0.0,0.0,291.44621513944224,0.23649064289912922,1.2220961546348064,52.89871912293411,7.4651757275846515,34.0833595341271,4.094158817820184
Midwest,2011,39.0796812749004,211.48605577689244,73.27091633466135,6.091633466135458,0.5418326693227091,0.00796812749003984,0.0,1.099601593625498,2.450199203187251,155.3824701195219,20.625498007968126,101.43426294820718,10.406374501992032,291.39840637450203,72.57625681902078,25.14458374919675,2.0904827661639844,0.18594222118920983,0.002734444429253086,0.0,291.39840637450203,0.3773533312369258,0.840841661995324,53.32303359264981,7.078109405121613,34.80947758439179,3.5711844246045303
Midwest,2012,39.9,205.884,79.824,11.18,1.424,0.068,0.0,0.432,2.152,163.064,22.82,98.684,11.228,298.37999999999994,69.000603257591,26.752463301829888,3.7468999262685174,0.4772437830953818,0.022789731215228908,0.0,298.38,0.1447818218379248,0.7212279643407735,54.64977545411891,7.6479656813459345,33.07326228299484,3.76298679536162
Midwest,2013,37.429718875502004,231.16867469879517,66.52610441767068,2.3654618473895583,0.11646586345381527,0.004016064257028112,0.0,0.20080321285140562,2.2369477911646585,159.22088353413653,23.281124497991968,105.14056224899599,10.100401606425702,300.18072289156623,77.0098334336745,22.16201752625594,0.7880125760920463,0.038798581844939464,0.0013378821325841193,0.0,300.18072289156623,0.06689410662920597,0.7452003478493545,53.04167502842999,7.755702722590141,35.025754231052254,3.3647735634490603
Midwest,2014,36.76892430278885,236.88844621513945,63.96812749003984,2.808764940239044,0.099601593625498,0.00398406374501992,0.0,0.13545816733067728,2.701195219123506,154.52988047808765,22.784860557768923,112.37051792828686,11.247011952191235,303.76892430278883,77.98310731054745,21.058153870366972,0.9246386695695512,0.03278860530388479,0.0013115442121553918,0.0,303.7689243027889,0.044592503213283306,0.8892269758413553,50.87086535687118,7.500721349316684,36.99210450384282,3.7024893109146704
Midwest,2015,35.71653543307087,247.27165354330708,56.826771653543304,2.2401574803149606,0.14960629921259844,0.0,0.0,0.047244094488188976,2.9133858267716537,157.03149606299212,22.023622047244096,113.89763779527559,10.5748031496063,306.48818897637796,80.67901551741856,18.541259891069775,0.7309115198849039,0.048813071626759845,0.0,0.0,306.48818897637796,0.01541465419792416,0.9505703422053232,51.235741444866925,7.185797965265646,37.16216216216216,3.4503134313020247
Midwest,2016,33.78431372549019,259.00392156862745,45.26274509803922,2.7019607843137257,0.09411764705882353,0.00392156862745098,0.0,0.03137254901960784,3.6941176470588237,166.50980392156862,20.313725490196077,105.53333333333333,10.984313725490196,307.06666666666666,84.34778166585784,14.740364230798702,0.8799264386605707,0.030650558095578657,0.0012771065873157775,0.0,307.06666666666666,0.01021685269852622,1.2030344052514623,54.2259456974279,6.615412122295726,34.368215371254884,3.5771755510714924
Midwest,2017,34.96124031007752,268.7403100775194,49.116279069767444,1.3488372093023255,0.05426356589147287,0.0,0.0,0.08914728682170543,2.8333333333333335,180.34496124031008,22.294573643410853,102.68992248062015,11.007751937984496,319.2596899224806,84.17608566329567,15.384428607850042,0.422489043208003,0.01699668564629897,0.0,0.0,319.2596899224806,0.027923126418919746,0.8874698005317535,56.48848474547463,6.983209702679407,32.16501353664607,3.44789908824922
Midwest,2018,34.7088122605364,263.5287356321839,55.04980842911878,2.5095785440613025,0.24904214559386972,0.0,0.0038314176245210726,0.4482758620689655,3.1187739463601534,180.0344827586207,21.49808429118774,105.1455938697318,11.095785440613026,321.34099616858236,82.00906164301895,17.131274591629904,0.7809705496601884,0.07750089424108739,0.0,0.0011923214498628831,321.3409961685824,0.1395016096339573,0.9705496601883866,56.025992607607,6.6901156551806364,32.72087754858709,3.4529629188029083
Midwest,2019,34.27969348659004,272.67432950191574,45.44827586206897,1.2681992337164751,0.4942528735632184,0.0,0.0,0.9808429118773946,3.164750957854406,180.80842911877394,21.85823754789272,103.09578544061303,9.977011494252874,319.88505747126436,85.24134626901426,14.207689543657926,0.3964546652293688,0.1545095220984549,0.0,0.0,319.88505747126436,0.3066235477302671,0.98934004072344,56.522936878668105,6.833153671098335,32.229009462211046,3.118936399568811
Midwest,2020,32.657794676806084,277.82889733840307,38.28136882129277,2.1254752851711025,0.44866920152091255,0.0,0.0,0.9961977186311787,3.193916349809886,175.8707224334601,23.897338403041825,103.86311787072243,10.863117870722434,318.6844106463878,87.17994607106213,12.012312978738636,0.6669530150094256,0.1407879351898251,0.0,0.0,318.68441064638785,0.31259694084520484,1.002219199656382,55.186484358221776,7.49874722600043,32.59121387834968,3.4087383969265277
Midwest,2021,31.720496894409937,61.20496894409938,12.378881987577639,0.2919254658385093,0.13664596273291926,0.0,0.0,1.4409937888198758,0.9503105590062112,25.565217391304348,7.732919254658385,36.27329192546584,2.049689440993789,74.01242236024844,82.69553541456865,16.725411211816045,0.3944276602886875,0.1846257133266197,0.0,0.0,74.01242236024845,1.946962067807989,1.2839879154078548,34.541792547834845,10.448136958710977,49.00973481033904,2.769385699899295
Northeast,1980,58.42045454545455,134.48863636363637,104.02272727272727,47.71590909090909,18.022727272727273,6.5227272727272725,0.011363636363636364,37.23863636363637,32.40909090909091,95.25,145.88636363636363,0.0,0.0,310.7840909090909,43.27397711068047,33.4710592709057,15.353395005301843,5.799115141321439,2.098797030970054,0.0036564408205053208,310.7840909090909,11.982156568795936,10.428169220081173,30.648286957475595,46.9413872536473,0.0,0.0
Northeast,1981,53.49438202247191,157.8988764044944,106.0561797752809,43.93258426966292,11.179775280898877,2.595505617977528,0.0,29.50561797752809,36.62921348314607,96.7752808988764,158.75280898876406,0.0,0.0,321.6629213483146,49.08830515579153,32.97121699035909,13.65795724465558,3.475618275813888,0.8069023333799077,0.0,321.6629213483146,9.172837781193238,11.387452843370125,30.085929858879418,49.35377951655722,0.0,0.0
Northeast,1982,55.77173913043478,151.30434782608697,112.5,48.51086956521739,11.097826086956522,2.4130434782608696,0.0,27.619565217391305,34.0,104.5,159.70652173913044,0.0,0.0,325.82608695652175,46.437149719775825,34.52762209767814,14.888577528689616,3.4060581798772347,0.7405924739791834,0.0,325.82608695652175,8.476781425140112,10.435014678409393,32.072324526287694,49.01587937016279,0.0,0.0
Northeast,1983,52.934065934065934,162.82417582417582,107.02197802197803,44.15384615384615,15.076923076923077,6.274725274725275,0.0,30.747252747252748,35.824175824175825,117.3076923076923,151.06593406593407,0.0,0.4065934065934066,335.35164835164835,48.55326539305961,31.91335976668742,13.166431824884489,4.495854769472753,1.87108824589573,0.0,335.35164835164835,9.168660091096765,10.682570370613101,34.98050267064259,45.04702297080316,0.0,0.12124389684438182
Northeast,1984,53.325842696629216,172.65168539325842,115.24719101123596,45.87640449438202,11.52808988764045,2.359550561797753,0.0,35.59550561797753,39.96629213483146,111.01123595505618,158.30337078651687,0.0,2.7865168539325844,347.6629213483146,49.660655419817715,33.14911770409152,13.195656389373667,3.31588132635253,0.678689160364553,0.0,347.6629213483146,10.238510762070971,11.495701635317692,31.930709068579922,45.53357895417232,0.0,0.8014995798590913
Northeast,1985,52.422222222222224,173.1,114.5111111111111,43.55555555555556,10.28888888888889,2.2222222222222223,0.0,32.46666666666667,35.27777777777778,124.47777777777777,145.82222222222222,0.0,5.633333333333334,343.67777777777775,50.36694578254826,33.31932365587922,12.673369758494715,2.9937603051954356,0.6466004978823835,0.0,343.6777777777778,9.446833274061621,10.264782903882836,36.2193268888817,42.42992467104199,0.0,1.6391322621318416
Northeast,1986,49.630434782608695,177.7391304347826,108.42391304347827,37.17391304347826,7.554347826086956,1.173913043478261,0.0,31.304347826086957,33.68478260869565,118.47826086956522,140.6413043478261,0.0,7.956521739130435,332.0652173913043,53.52536824877251,32.65139116202946,11.194762684124386,2.2749590834697218,0.35351882160392806,0.0,332.0652173913043,9.427168576104746,10.144026186579378,35.67921440261866,42.353518821603934,0.0,2.3960720130932898
Northeast,1987,48.74193548387097,182.1505376344086,100.82795698924731,35.89247311827957,10.053763440860216,3.3118279569892475,0.0,25.483870967741936,39.12903225806452,136.44086021505376,122.6989247311828,0.0,8.483870967741936,332.23655913978496,54.825555052106935,30.348242604699333,10.803288238720953,3.02608583079811,0.9968282736746716,0.0,332.23655913978496,7.670399378600557,11.777461324357565,41.06738300213606,36.93119295747297,0.0,2.5535633374328435
Northeast,1988,48.55789473684211,175.66315789473686,92.47368421052632,34.56842105263158,13.68421052631579,8.063157894736841,0.021052631578947368,21.16842105263158,40.23157894736842,135.56842105263158,116.94736842105263,0.18947368421052632,10.368421052631579,324.47368421052624,54.13787510137876,28.49959448499595,10.653690186536904,4.217356042173561,2.4849959448499597,0.006488240064882402,324.4736842105263,6.523925385239254,12.399026763990268,41.78102189781022,36.04217356042174,0.05839416058394161,3.195458231954582
Northeast,1989,46.27272727272727,185.58585858585857,96.93939393939394,29.646464646464647,6.96969696969697,1.1717171717171717,0.0,18.272727272727273,38.878787878787875,131.16161616161617,119.74747474747475,0.43434343434343436,11.818181818181818,320.31313131313135,57.938885560215695,30.263946264703094,9.255463403866166,2.1759011068714322,0.3658036643436031,0.0,320.3131313131313,5.704645075841191,12.137744000504556,40.94793604742834,37.38450379994324,0.13559963419633567,3.6895714420863426
Northeast,1990,43.09345794392523,202.94392523364485,83.85046728971963,27.401869158878505,6.728971962616822,1.2897196261682242,0.0,16.186915887850468,41.25233644859813,150.74766355140187,103.67289719626169,0.2523364485981308,10.102803738317757,322.21495327102804,62.984018331061286,26.023145865359513,8.504220204774198,2.0883487542419585,0.40026684456304196,0.0,322.21495327102804,5.023638947704267,12.802738057255562,46.78481306378165,32.17507323723062,0.07831307828407344,3.135423615743829
Northeast,1991,44.166666666666664,200.91666666666666,84.0925925925926,29.99074074074074,9.972222222222221,2.490740740740741,0.0,15.703703703703704,41.47222222222222,159.7685185185185,99.52777777777777,0.5740740740740741,10.416666666666666,327.462962962963,61.3555392184584,25.680031668834474,9.158513826839336,3.0452977435955435,0.7606175422722389,0.0,327.46296296296293,4.79556636317367,12.664706215008767,48.78979811118023,30.393598371317086,0.17530961940847142,3.1810213199117796
Northeast,1992,40.06422018348624,227.8256880733945,72.41284403669725,21.513761467889907,4.6422018348623855,0.43119266055045874,0.0,15.752293577981652,43.28440366972477,160.93577981651376,95.28440366972477,1.165137614678899,10.403669724770642,326.8256880733944,69.7086233999551,22.15641140803953,6.582640916236246,1.4203907478104654,0.13193352795867958,0.0,326.8256880733945,4.819784415001123,13.24388052997979,49.242083988322484,29.154502582528636,0.3565012351223894,3.183247249045588
Northeast,1993,40.99082568807339,217.37614678899084,76.26605504587155,24.788990825688074,6.559633027522936,0.7064220183486238,0.01834862385321101,11.990825688073395,46.80733944954128,167.96330275229357,87.06422018348624,1.165137614678899,10.724770642201834,325.7155963302752,66.73802213897417,23.414922682590202,7.610624454271471,2.0139143170999634,0.21688308030307296,0.005633326761118779,325.7155963302753,3.6813790383911216,14.370616567614,51.567473171281286,26.730135481508604,0.3577162493310424,3.2926794918739253
Northeast,1994,42.72222222222222,214.0185185185185,82.79629629629629,25.685185185185187,5.685185185185185,0.4537037037037037,0.009259259259259259,8.88888888888889,56.71296296296296,175.6851851851852,75.48148148148148,1.4259259259259258,10.453703703703704,328.64814814814804,65.12086549839411,25.19299036456867,7.815405420634476,1.7298698371555763,0.13805150166225283,0.002817377584943935,328.64814814814815,2.7046824815461767,17.256437707781597,53.456922296726205,22.96726207246295,0.4338761480813658,3.1808192934017017
Northeast,1995,38.927927927927925,230.0810810810811,64.29729729729729,19.63063063063063,6.099099099099099,1.4414414414414414,0.0,7.783783783783784,60.7027027027027,177.6216216216216,65.13513513513513,1.3333333333333333,8.972972972972974,321.5495495495495,71.55384960215176,19.996077552392695,6.105009525944189,1.8967835929620085,0.4482797265493668,0.0,321.5495495495495,2.4207105233665813,18.87817998431021,55.23926930404572,20.256640143449513,0.4146587470581643,2.790541297769809
Northeast,1996,38.92982456140351,226.82456140350877,67.06140350877193,17.614035087719298,3.93859649122807,0.15789473684210525,0.008771929824561403,6.93859649122807,55.719298245614034,171.12280701754386,68.44736842105263,1.780701754385965,11.596491228070175,315.6052631578947,71.86970177047723,21.248506072987023,5.581033380583119,1.2479501931682373,0.05002918369048612,0.0027793990939158956,315.60526315789474,2.198504683287473,17.65474304455377,54.22051752411129,21.68765112982573,0.5642180160649267,3.6743656021568136
Northeast,1997,39.717948717948715,226.8803418803419,60.22222222222222,18.358974358974358,6.452991452991453,1.1282051282051282,0.0,6.35042735042735,51.21367521367522,176.27350427350427,67.66666666666667,2.0598290598290596,9.478632478632479,313.04273504273505,72.47583683721946,19.237699994539398,5.8646862884289845,2.061377163763447,0.3603997160487086,0.0,313.04273504273505,2.0286135532135643,16.359962867908045,56.309725331731556,21.615792060285045,0.6580025118768087,3.0279036749849833
Northeast,1998,41.1578947368421,226.92105263157896,69.15789473684211,22.95614035087719,8.140350877192983,0.5263157894736842,0.0,7.245614035087719,54.921052631578945,194.5438596491228,62.29824561403509,1.7456140350877194,6.947368421052632,327.70175438596493,69.24621232400021,21.103913485732644,7.005192997483804,2.4840730231811126,0.16060816960222707,0.0,327.70175438596493,2.2110391348573266,16.7594624979924,59.36613309063654,19.010653675250282,0.5326837625140532,2.120027838749398
Northeast,1999,43.111111111111114,211.60683760683762,79.35042735042735,21.153846153846153,7.94017094017094,1.1794871794871795,0.0,6.726495726495727,43.87179487179487,178.991452991453,51.21367521367522,37.05982905982906,3.3675213675213675,321.2307692307692,65.8737760749255,24.70200085142614,6.585249042145594,2.471796509152831,0.36717752234993617,0.0,321.2307692307692,2.093976160068114,13.657407407407407,55.72051936994467,15.942954448701578,11.536824180502341,1.0483184333759046
Northeast,2000,40.779661016949156,221.64406779661016,83.15254237288136,14.813559322033898,2.73728813559322,0.3898305084745763,0.0,6.372881355932203,38.144067796610166,163.33898305084745,45.94915254237288,65.64406779661017,3.288135593220339,322.7372881355932,68.67631226531523,25.764776934590238,4.589974529317543,0.8481474673738939,0.12078880340309327,0.0,322.7372881355932,1.9746343512853506,11.81892182863745,50.61050862589607,14.237323740251556,20.33978415566001,1.0188272982695692
Northeast,2001,44.11864406779661,203.8728813559322,89.98305084745763,21.71186440677966,7.1525423728813555,0.8728813559322034,0.0,4.898305084745763,34.983050847457626,170.70338983050848,39.76271186440678,69.94067796610169,3.305084745762712,323.59322033898303,63.002828409805154,27.807458621412113,6.709616593337524,2.2103498847684895,0.26974649067672324,0.0,323.59322033898303,1.5137230253509324,10.81081081081081,52.752461764089674,12.287869264613452,21.613764927718414,1.021370207416719
Northeast,2002,42.20168067226891,209.4453781512605,80.50420168067227,21.210084033613445,10.218487394957982,1.638655462184874,0.0,5.142857142857143,36.64705882352941,172.80672268907563,36.285714285714285,69.78151260504201,2.3529411764705883,323.0168067226891,64.84039647233278,24.92260464632274,6.566247821223235,3.163453783917375,0.5072972762038555,0.0,323.01680672268907,1.5921329899321004,11.345248315512892,53.497749681313245,11.233382762298708,21.603059392804184,0.7284268581388694
Northeast,2003,41.40495867768595,210.86776859504133,83.78512396694215,14.355371900826446,2.760330578512397,0.628099173553719,0.0,5.950413223140496,31.181818181818183,164.3388429752066,33.8099173553719,73.65289256198348,3.4628099173553717,312.3966942148761,67.49999999999999,26.820105820105816,4.595238095238094,0.8835978835978834,0.201058201058201,0.0,312.396694214876,1.9047619047619049,9.981481481481483,52.605820105820115,10.822751322751325,23.576719576719583,1.1084656084656086
Northeast,2004,39.778688524590166,223.97540983606558,79.18852459016394,11.30327868852459,1.278688524590164,0.040983606557377046,0.0,6.163934426229508,30.81967213114754,164.90983606557376,32.959016393442624,78.19672131147541,2.737704918032787,315.78688524590166,70.92612780979078,25.07657166588797,3.5794009240512903,0.4049213518143592,0.012978248455588433,0.0,315.7868852459016,1.9519285677205005,9.759642838602502,52.221876135596744,10.43710740798422,24.762498053262735,0.8669469968333076
Northeast,2005,42.48360655737705,210.18032786885246,84.92622950819673,17.918032786885245,3.598360655737705,0.12295081967213115,0.0,4.69672131147541,31.065573770491802,175.79508196721312,29.647540983606557,73.12295081967213,2.418032786885246,316.74590163934425,66.3561317703077,26.81210050979479,5.656910695339389,1.1360401625132626,0.038816862044872294,0.0,316.74590163934425,1.4828041301141217,9.807727143337733,55.5003493517584,9.360039334420206,23.085681753487048,0.7633982868824885
Northeast,2006,39.520325203252035,226.08130081300814,76.89430894308943,11.75609756097561,1.7967479674796747,0.15447154471544716,0.0,4.08130081300813,29.829268292682926,179.2439024390244,25.528455284552845,75.22764227642277,2.772357723577236,316.6829268292683,71.3904292462518,24.281166563976175,3.712261244608749,0.5673649620045184,0.048777983158759496,0.0,316.6829268292683,1.288765660299856,9.41928527418361,56.600431300061615,8.061203532552884,23.754877798315878,0.8754364345861573
Northeast,2007,41.17886178861789,216.869918699187,85.64227642276423,16.398373983739837,2.5203252032520327,0.13008130081300814,0.0,1.7723577235772359,23.89430894308943,177.8048780487805,21.43089430894309,94.34146341463415,2.317073170731707,321.56097560975604,67.44286003236247,26.633292880258903,5.099615695792881,0.7837783171521038,0.04045307443365697,0.0,321.5609756097561,0.5511731391585761,7.430724110032362,55.29429611650486,6.664644012944984,29.33859223300971,0.7205703883495145
Northeast,2008,40.47154471544715,231.08130081300814,85.79674796747967,9.723577235772357,1.1544715447154472,0.024390243902439025,0.0,1.2439024390243902,22.91869918699187,179.0731707317073,18.59349593495935,103.3739837398374,2.5772357723577235,327.780487804878,70.49879703350945,26.17506262866781,2.966490562293821,0.3522087456904036,0.007441029838529654,0.0,327.780487804878,0.3794925217650123,6.992087704938364,54.632041074484704,5.6725450802391055,31.53756479896818,0.7862688196046334
Northeast,2009,38.300813008130085,250.14634146341464,75.4390243902439,4.536585365853658,0.15447154471544716,0.0,0.0,1.2845528455284554,14.16260162601626,179.9268292682927,13.951219512195122,116.0569105691057,4.894308943089431,330.2764227642277,75.73847971642378,22.84117762898779,1.373572272548247,0.046770382040173294,0.0,0.0,330.2764227642276,0.3889326506498622,4.288105553367467,54.47764868058292,4.224103977944073,35.13932650649863,1.4818826309570698
Northeast,2010,40.50819672131148,244.00819672131146,84.51639344262296,10.032786885245901,1.1147540983606556,0.01639344262295082,0.0,1.2704918032786885,11.778688524590164,205.64754098360655,11.21311475409836,105.41803278688525,4.360655737704918,339.6885245901639,71.83292312147097,24.880555957724052,2.953525409005357,0.3281694898894841,0.004826021910139472,0.0,339.6885245901639,0.37401669803580906,3.4674967424352108,60.5400318517446,3.3009989865353986,31.033733893151876,1.2837218280970997
Northeast,2011,40.314516129032256,244.29032258064515,83.20967741935483,6.379032258064516,0.9193548387096774,0.016129032258064516,0.0,0.9758064516129032,9.048387096774194,195.09677419354838,8.07258064516129,119.43548387096774,2.185483870967742,334.81451612903226,72.96288267456704,24.85247007250042,1.9052436351374138,0.2745863140400318,0.004817303755088277,0.0,334.81451612903226,0.29144687718284074,2.7025074066045236,58.2701062215478,2.4110605294216825,35.672134306428696,0.6527446588144615
Northeast,2012,39.67741935483871,252.51612903225808,79.9274193548387,8.548387096774194,0.9193548387096774,0.0,0.0,0.13709677419354838,6.862903225806452,216.36290322580646,6.725806451612903,110.38709677419355,1.435483870967742,341.91129032258067,73.85428214260443,23.376654008538335,2.5001768993089133,0.26888694954831704,0.0,0.0,341.91129032258067,0.04009717668702974,2.007217491803665,63.280420784489465,1.9671203151166354,32.28530320541548,0.4198410264877232
Northeast,2013,38.8,268.432,73.496,3.528,0.216,0.0,0.0,0.2,7.464,216.84,5.984,114.256,0.928,345.672,77.6551181466824,21.26177416741882,1.0206207040199957,0.062486981878775244,0.0,0.0,345.672,0.05785831655442153,2.1592723738110116,62.72998680830382,1.7311208313082922,33.05329908120993,0.2684625888125159
Northeast,2014,38.65079365079365,277.1666666666667,68.87301587301587,2.2936507936507935,0.09523809523809523,0.0,0.0,0.12698412698412698,8.912698412698413,218.18253968253967,5.785714285714286,114.51587301587301,0.9047619047619048,348.4285714285714,79.54762880962144,19.76675322308779,0.658284360621384,0.027333606669400032,0.0,0.0,348.42857142857144,0.03644480889253336,2.557970024144686,62.61901507903968,1.6605166051660514,32.86638421939775,0.25966926335930024
Northeast,2015,38.57142857142857,270.06349206349205,73.81746031746032,4.007936507936508,0.20634920634920634,0.0,0.0,0.031746031746031744,9.738095238095237,221.1984126984127,5.515873015873016,110.7936507936508,0.8174603174603174,348.0952380952381,77.58321933424533,21.20611035111719,1.151390788873689,0.05927952576379389,0.0,0.0,348.0952380952381,0.009119927040583675,2.7975376196990425,63.54537163702692,1.5845873233014136,31.82854537163703,0.23483812129502962
Northeast,2016,37.53968253968254,286.8095238095238,59.523809523809526,3.5634920634920637,0.23015873015873015,0.007936507936507936,0.0,0.03968253968253968,7.825396825396825,239.44444444444446,4.571428571428571,97.73809523809524,0.5158730158730159,350.1349206349206,81.91400140535396,17.00024933699028,1.0177482603078178,0.0657342974363624,0.0022666999115987037,0.0,350.13492063492066,0.011333499557993515,2.234966112836321,68.38633633293288,1.305619149080853,27.91440941133803,0.14733549425391573
Northeast,2017,37.275590551181104,292.3622047244094,56.43307086614173,2.5669291338582676,0.2125984251968504,0.0,0.0,0.047244094488188976,8.10236220472441,229.6220472440945,6.724409448818897,106.54330708661418,0.5354330708661418,351.5748031496063,83.1578947368421,16.051511758118703,0.7301231802911534,0.060470324748040316,0.0,0.0,351.5748031496063,0.01343784994400896,2.3045912653975367,65.3124300111982,1.9126539753639415,30.30459126539754,0.15229563269876822
Northeast,2018,35.86821705426357,290.7829457364341,52.57364341085271,3.0232558139534884,0.2248062015503876,0.007751937984496124,0.0,0.07751937984496124,7.0310077519379846,229.3953488372093,7.542635658914729,102.31782945736434,0.24806201550387597,346.61240310077517,83.89282758929171,15.167848276787513,0.872229552926442,0.06485809496119697,0.0022364860331447233,0.0,346.61240310077517,0.02236486033144723,2.028492832062264,66.18209469281865,2.176100910249816,29.5193791514772,0.07156755306063114
Northeast,2019,36.47692307692308,303.4230769230769,42.65384615384615,1.4384615384615385,0.1076923076923077,0.0,0.0,0.06153846153846154,7.9,239.8153846153846,8.353846153846154,91.08461538461539,0.4076923076923077,347.6230769230769,87.28507888738909,12.270142284968246,0.4137992078068642,0.030979619835808016,0.0,0.0,347.6230769230769,0.017702639906176012,2.2725763979553455,68.9871877143679,2.4031333672633934,26.202119891128767,0.11727998937841606
Northeast,2020,35.07692307692308,313.55384615384617,34.97692307692308,0.9615384615384616,0.06923076923076923,0.0,0.0,0.12307692307692308,6.007692307692308,234.86153846153846,7.8,100.07692307692308,0.6923076923076923,349.5615384615385,89.69918359263252,10.005941509143321,0.27506986774640757,0.019805030477741348,0.0,0.0,349.5615384615385,0.03520894307154017,1.7186365336795544,67.18746561626652,2.231366767158858,28.6292718350461,0.19805030477741348
Northeast,2021,34.344086021505376,70.68817204301075,4.193548387096774,0.08602150537634409,0.0,0.0,0.0,0.11827956989247312,0.6344086021505376,58.0,1.032258064516129,14.849462365591398,0.3333333333333333,74.96774193548387,94.29145152036719,5.59380378657487,0.11474469305794609,0.0,0.0,0.0,74.96774193548386,0.1577739529546759,0.8462421113023524,77.36660929432016,1.376936316695353,19.807802639127946,0.4446356855995411
South,1980,45.95774647887324,166.0281690140845,70.71830985915493,34.5,10.507042253521126,2.387323943661972,0.0,27.47887323943662,25.97887323943662,125.45774647887323,105.22535211267606,0.0,0.0,284.14084507042253,58.431644691186676,24.888470308317636,12.141865767819967,3.6978288886685835,0.8401903440071379,0.0,284.14084507042253,9.670863487657382,9.14295628036086,44.153365718251216,37.03281451373055,0.0,0.0
South,1981,43.00689655172414,178.1103448275862,75.97241379310344,31.689655172413794,8.758620689655173,1.013793103448276,0.0,34.48275862068966,23.420689655172414,144.2551724137931,93.38620689655173,0.0,0.0,295.5448275862069,60.265086106314456,25.705885098240532,10.722452979885192,2.9635506603817614,0.3430251551780464,0.0,295.5448275862069,11.667522284967564,7.924581135949969,48.809912726933305,31.59798385214916,0.0,0.0
South,1982,43.19078947368421,192.23026315789474,71.33552631578948,28.210526315789473,7.2105263157894735,0.9802631578947368,0.0,31.348684210526315,22.651315789473685,151.23026315789474,94.72368421052632,0.0,0.013157894736842105,299.9671052631579,64.08378111635047,23.781116350477028,9.4045399714881,2.403772343458712,0.3267902182256826,0.0,299.96710526315786,10.450707314398509,7.551266586248493,50.41561574734072,31.57802390613006,0.0,0.0043864458822239286
South,1983,42.10526315789474,186.51461988304092,68.17543859649123,32.19298245614035,11.345029239766081,2.2222222222222223,0.005847953216374269,29.50877192982456,22.953216374269005,144.093567251462,103.77777777777777,0.0,0.12280701754385964,300.45614035087715,62.077153645529215,22.690645801705013,10.714702791077894,3.775935225193663,0.7396161781307176,0.0019463583635018881,300.45614035087715,9.82132430223053,7.639456576744911,47.958270076686524,34.540075518704505,0.0,0.04087352563353965
South,1984,43.704402515723274,196.55974842767296,79.25786163522012,33.37106918238994,8.672955974842766,0.9874213836477987,0.0,29.30817610062893,25.59119496855346,160.32704402515722,103.38993710691824,0.0,0.23270440251572327,318.8490566037736,61.64664575813165,24.857486636290115,10.46610253072174,2.7200820561374437,0.30968301871905635,0.0,318.8490566037736,9.191865396374538,8.026115943744205,50.28305422411582,32.42598181351954,0.0,0.07298262224589226
South,1985,43.0125,190.1,75.4875,31.675,8.13125,1.00625,0.0,26.88125,25.06875,154.69375,94.63125,0.0,5.125,306.40000000000003,62.04308093994777,24.636912532637073,10.33779373368146,2.653802219321148,0.32841057441253263,0.0,306.4,8.773253916449088,8.181706919060053,50.487516318537864,30.884872715404697,0.0,1.6726501305483028
South,1986,44.67948717948718,195.3846153846154,80.23076923076923,33.69871794871795,9.512820512820513,0.8589743589743589,0.00641025641025641,23.205128205128204,27.185897435897434,156.53205128205127,98.32692307692308,0.0,14.442307692307692,319.69230769230774,61.11645813282001,25.096246390760342,10.54098492139878,2.9756175810073784,0.2686878408726339,0.0020051331408405515,319.6923076923077,7.258581969842798,8.50376965030478,48.96334616618543,30.75673724735323,0.0,4.517564966313763
South,1987,44.84756097560975,183.72560975609755,78.15853658536585,34.76829268292683,10.804878048780488,1.396341463414634,0.0,18.74390243902439,26.676829268292682,159.4329268292683,91.82317073170732,0.0,12.176829268292684,308.8536585365853,59.48629866540315,25.306009634367843,11.257206033325437,3.4983811103214095,0.4521045565821685,0.0,308.8536585365854,6.068862039011292,8.637368711995578,51.620863934296764,29.730316670615174,0.0,3.942588644081181
South,1988,44.532967032967036,177.03296703296704,67.9065934065934,31.67032967032967,12.26923076923077,3.4725274725274726,0.0,16.967032967032967,23.285714285714285,158.13186813186815,83.53846153846153,0.9340659340659341,9.494505494505495,292.35164835164835,60.554803788903925,23.22771011877913,10.83295745000752,4.19673733273192,1.1877913095775072,0.0,292.3516483516484,5.803638550593894,7.964967674033978,54.08961058487445,28.574650428506988,0.3195008269433167,3.2476319350473606
South,1989,39.618090452261306,180.13065326633165,63.005025125628144,22.753768844221106,4.924623115577889,0.31155778894472363,0.005025125628140704,16.371859296482413,21.954773869346734,143.1608040201005,74.20100502512562,1.35678391959799,14.085427135678392,271.13065326633165,66.43684551941432,23.237883421369663,8.392178667408027,1.816328421833009,0.11491057362616997,0.001853396348809193,271.13065326633165,6.03836530442035,8.097488647947364,52.8014085812251,27.367250486516543,0.5004170141784822,5.195069965712168
South,1990,39.96017699115044,180.91592920353983,62.98672566371681,25.827433628318584,5.836283185840708,0.5663716814159292,0.0,12.455752212389381,19.06637168141593,162.18584070796462,66.14159292035399,1.092920353982301,15.190265486725664,276.1327433628319,65.51773867897317,22.81030670127872,9.353267314040316,2.1135788225491137,0.2051084831586706,0.0,276.1327433628319,4.5107842194660766,6.904784796333685,58.73473704451495,23.952825048873507,0.3957952760952472,5.5010736147165336
South,1991,38.024896265560166,188.1576763485477,57.03319502074689,20.493775933609957,4.323651452282157,0.46473029045643155,0.0,10.792531120331951,19.78838174273859,156.8921161825726,65.9045643153527,1.3195020746887967,15.775933609958507,270.47302904564316,69.56615120274914,21.086462935689738,7.577012763868433,1.5985517918507608,0.1718213058419244,0.0,270.47302904564316,3.9902430044182626,7.3162125675012275,58.00656602847324,24.366408934707906,0.4878497790868925,5.832719685812469
South,1992,36.55813953488372,198.8217054263566,54.5,16.391472868217054,2.8294573643410854,0.13953488372093023,0.0,11.003875968992247,23.05426356589147,161.39922480620154,58.14728682170543,2.3333333333333335,16.74418604651163,272.6821705426357,72.91335001137139,19.986638617239024,6.01120081874005,1.0376392995224015,0.05117125312713213,0.0,272.6821705426357,4.035421878553558,8.45462815556061,59.189504207414146,21.32419831703434,0.8556970661814874,6.140550375255857
South,1993,39.52238805970149,190.955223880597,61.67164179104478,22.041044776119403,5.388059701492537,0.45149253731343286,0.0,11.100746268656716,22.73507462686567,169.83955223880596,55.79477611940298,2.656716417910448,18.380597014925375,280.5074626865671,68.07491752687028,21.985740129828674,7.8575609236990545,1.9208257954666383,0.16095562413536238,0.0,280.5074626865672,3.9573800148983715,8.104980312865807,60.54724912206023,19.890656592529528,0.9471107800361818,6.552623177609876
South,1994,37.93726937269373,201.98154981549814,60.2029520295203,19.047970479704798,4.232472324723247,0.2878228782287823,0.0,10.328413284132841,22.14022140221402,178.10332103321034,53.17712177121771,2.6199261992619927,19.383763837638377,285.75276752767525,70.68402226268418,21.068195612030117,6.665891863273028,1.4811658208396286,0.10072444117305233,0.0,285.75276752767525,3.6144578313253017,7.748033936388642,62.327767662289034,18.60948617621612,0.916850682472656,6.783403711308256
South,1995,38.659574468085104,190.10638297872342,60.1241134751773,21.47872340425532,4.9787234042553195,0.75177304964539,0.0070921985815602835,9.03191489361702,22.333333333333332,176.36879432624113,48.60992907801418,2.8617021276595747,18.24113475177305,277.44680851063833,68.51993865030674,21.670501022494886,7.741564417177914,1.7944785276073616,0.270961145194274,0.0025562372188139056,277.4468085106383,3.2553680981595092,8.04959100204499,63.56850715746422,17.520449897750513,1.0314417177914113,6.574642126789366
South,1996,37.197879858657245,197.78445229681978,56.93286219081272,17.33922261484099,3.010600706713781,0.2049469964664311,0.0035335689045936395,8.314487632508834,23.39929328621908,173.40282685512366,48.091872791519435,2.9575971731448765,19.109540636042404,275.2756183745583,71.8496078456542,20.68213034157863,6.298858837271992,1.0936677663247887,0.07445156155732129,0.0012836476130572635,275.27561837455835,3.0204228335237406,8.500314493665197,62.99243931555908,17.470444013709354,1.0744130521289295,6.94196629141368
South,1997,38.36805555555556,198.45138888888889,61.19097222222222,20.40625,4.222222222222222,0.4791666666666667,0.0,7.444444444444445,23.40625,184.56944444444446,46.11805555555556,3.0590277777777777,20.15277777777778,284.75,69.69320066334991,21.48936689103502,7.166374012291484,1.4827821675934054,0.16827626573017268,0.0,284.75,2.6143790849673203,8.219929762949956,64.81806653009463,16.195980879914153,1.0742854355672617,7.0773583065066825
South,1998,41.628070175438594,189.5157894736842,65.70877192982456,27.38245614035088,8.04561403508772,0.9649122807017544,0.0,7.1192982456140355,23.894736842105264,193.37894736842105,47.512280701754385,3.0035087719298246,16.70877192982456,291.6175438596491,64.9877874168281,22.532516754701547,9.389852125470757,2.7589609077017485,0.33088279529785464,0.0,291.6175438596491,2.441313424215808,8.193861221739601,66.31252180818423,16.292668840466366,1.0299479009998678,5.729686804394123
South,1999,47.748387096774195,160.63870967741934,85.8258064516129,27.725806451612904,7.683870967741935,0.7838709677419354,0.0,3.606451612903226,18.616129032258065,170.71935483870968,35.616129032258065,46.42580645161291,7.674193548387096,282.65806451612906,56.83146169999086,30.363827261937367,9.80895645028759,2.718433305943577,0.27732128184059157,0.0,282.65806451612906,1.2759061444353144,6.58609513375331,60.397836209257726,12.600429106180954,16.424723819958,2.7150095864146806
South,2000,46.71951219512195,161.54573170731706,94.57317073170732,22.871951219512194,3.9451219512195124,0.36890243902439024,0.0,2.658536585365854,12.518292682926829,165.8231707317073,28.817073170731707,67.96951219512195,5.5182926829268295,283.3048780487805,57.02186733244371,33.38211872067497,8.073264172872454,1.3925358357367312,0.13021393827213637,0.0,283.30487804878044,0.9384012741595285,4.4186647152511735,58.5317033274504,10.171753260729199,23.991649089578583,1.9478283328311312
South,2001,44.75,179.20180722891567,91.08132530120481,18.27710843373494,2.8072289156626504,0.17771084337349397,0.0030120481927710845,2.1867469879518073,11.346385542168674,175.20180722891567,28.08433734939759,69.2921686746988,5.436746987951807,291.5481927710844,61.46558670992002,31.240572762774544,6.26898361468686,0.9628695993553316,0.060954191375498464,0.001033121887720313,291.54819277108436,0.7500464904849474,3.8917701510424196,60.09360084302746,9.6328284811042,23.766969027005803,1.8647850073351653
South,2002,43.368263473053894,189.0868263473054,80.51497005988024,18.24550898203593,5.158682634730539,0.5119760479041916,0.005988023952095809,1.9131736526946108,10.27245508982036,178.51497005988023,25.565868263473053,70.57784431137725,6.679640718562874,293.5239520958084,64.41955588196294,27.43045992839438,6.216020482062894,1.7574997194936604,0.17442394198108876,0.002040046105041974,293.5239520958084,0.6517947305609106,3.4996990931995064,60.817854483511326,8.709976845476707,24.045003417077226,2.275671430174322
South,2003,43.03823529411765,189.10882352941175,86.62941176470588,12.976470588235294,1.6970588235294117,0.22647058823529412,0.011764705882352941,1.3235294117647058,9.3,174.97058823529412,22.823529411764707,74.27941176470588,7.952941176470588,290.65000000000003,65.06410580747006,29.805405733599127,4.464638082998553,0.5838839922688497,0.07791866101334735,0.004047722650044018,290.65,0.4553687981299521,3.199724754859797,60.19975511277968,7.852581941085397,25.556308881715427,2.736260511429757
South,2004,42.438235294117646,198.30588235294118,86.3264705882353,10.279411764705882,1.011764705882353,0.08235294117647059,0.0,1.5676470588235294,9.473529411764705,173.9,22.064705882352943,81.47941176470589,7.520588235294118,296.0058823529411,66.99389916734566,29.16376860555236,3.4727052324079417,0.3418056079966615,0.027821386697402677,0.0,296.00588235294117,0.5295999682041295,3.200453091154786,58.748832495379666,7.45414439299696,27.52628127421951,2.5406887780449514
South,2005,45.42274052478134,177.6122448979592,98.93586005830903,16.78134110787172,1.6355685131195334,0.0728862973760933,0.0,1.2244897959183674,8.626822157434402,170.3469387755102,19.271137026239067,88.84839650145773,6.720116618075802,295.03790087463557,60.19980632028301,33.53327140852586,5.687859443862528,0.5543587817941066,0.024704045534496732,0.0,295.03790087463557,0.4150279649795451,2.9239708294630327,57.73730706140437,6.531749639320935,30.114231506551516,2.277712998280599
South,2006,45.16618075801749,181.6530612244898,100.50437317784257,13.615160349854227,1.6997084548104957,0.10204081632653061,0.008746355685131196,1.1720116618075802,8.174927113702624,173.9125364431487,18.34985422740525,89.3935860058309,6.580174927113703,297.5830903790087,61.04280353871325,33.773549783973905,4.575246642043284,0.5711710476041189,0.03428985706028158,0.0029391306051669923,297.58309037900875,0.39384350109237687,2.7471074056294147,58.44167295314047,6.166296009640348,30.039874205210097,2.2112059252873
South,2007,45.97076023391813,182.55555555555554,103.69298245614036,15.365497076023392,1.7514619883040936,0.06432748538011696,0.0029239766081871343,0.260233918128655,7.02046783625731,173.640350877193,16.70175438596491,100.93567251461988,4.874269005847953,303.4327485380117,60.163432073544435,34.173299670437686,5.063888835353749,0.57721587295469,0.021199915200339196,0.0009636325091063272,303.4327485380117,0.08576329331046312,2.3136816543642915,57.225316553279235,5.50426889201534,33.26459421435041,1.6063753926802475
South,2008,42.29446064139942,203.201166180758,92.02332361516035,7.743440233236152,0.7084548104956269,0.011661807580174927,0.0,0.1457725947521866,7.291545189504373,170.54518950437318,17.0932944606414,104.10204081632654,4.510204081632653,303.68804664723035,66.91115057840923,30.30192483079729,2.549800796812749,0.2332837325397206,0.0038400614409830553,0.0,303.6880466472303,0.048000768012288204,2.4009984159746556,56.15801852829646,5.628570057120914,34.2792684682955,1.485143762300197
South,2009,39.03757225433526,232.98554913294797,72.52312138728324,3.008670520231214,0.3179190751445087,0.008670520231213872,0.0,0.13005780346820808,7.167630057803469,170.65028901734104,13.260115606936417,113.00578034682081,4.630057803468208,308.8439306358381,75.43795620437957,23.48212614635973,0.9741718135878723,0.10293842410630732,0.0028074115665356544,0.0,308.84393063583815,0.04211117349803481,2.320793561669474,55.25453864869924,4.2934680890885275,36.5899307505147,1.4991577765300392
South,2010,42.4956772334294,211.1729106628242,93.63688760806916,6.3861671469740635,0.6167146974063401,0.008645533141210375,0.0,0.08645533141210375,6.521613832853026,181.70893371757924,11.688760806916427,107.6657060518732,4.14985590778098,311.8213256484149,67.72240808857508,30.029019796306912,2.04802129350659,0.19777822960758587,0.0027725920038446615,0.0,311.821325648415,0.027725920038446608,2.0914585682334894,58.27341453947247,3.7485443891979817,34.52801242121218,1.3308441618454372
South,2011,41.92816091954023,213.52586206896552,89.316091954023,7.706896551724138,0.8477011494252874,0.014367816091954023,0.0,0.04885057471264368,7.379310344827586,181.79022988505747,11.181034482758621,106.80747126436782,4.204022988505747,311.4109195402299,68.56723662234361,28.681104723588412,2.474831827702983,0.2722130459255705,0.004613780439416449,0.0,311.41091954022994,0.015686853494015926,2.3696376336842877,58.37631838776055,3.59044393795388,34.297921030534,1.3499921565732527
South,2012,40.12173913043478,230.19130434782608,75.21739130434783,6.3478260869565215,0.7797101449275362,0.07536231884057971,0.005797101449275362,0.08695652173913043,7.066666666666666,187.15652173913043,11.0,103.48695652173913,3.8202898550724638,312.6173913043478,73.63355678562489,24.06052682818281,2.030541570470919,0.24941355363318593,0.024106886224768902,0.0018543758634437617,312.61739130434785,0.027815637951656418,2.2604841775379447,59.8675975633501,3.518678200884537,33.103390726266305,1.2220336940094385
South,2013,37.32471264367816,250.72988505747125,56.69827586206897,1.6264367816091954,0.07471264367816093,0.0028735632183908046,0.0,0.09195402298850575,5.7155172413793105,179.367816091954,8.53448275862069,111.61206896551724,3.810344827586207,309.13218390804593,81.107661417762,18.341110636003645,0.5261298778560672,0.024168510290208042,0.0009295580880849245,0.0,309.132183908046,0.02974585881871758,1.8488910372009146,58.023015858260976,2.7607875216122255,36.10496569930655,1.2325940248006098
South,2014,38.1867816091954,248.1293103448276,61.5632183908046,1.3189655172413792,0.05172413793103448,0.0,0.0,0.34195402298850575,6.396551724137931,181.02298850574712,9.649425287356323,110.21551724137932,3.4367816091954024,311.06321839080465,79.76812933025403,19.79122401847575,0.4240184757505773,0.016628175519630483,0.0,0.0,311.0632183908046,0.10993071593533488,2.05635103926097,58.19491916859122,3.102078521939954,35.43187066974596,1.1048498845265589
South,2015,37.19308357348703,252.78386167146974,56.164265129682995,1.5878962536023056,0.1440922190201729,0.005763688760806916,0.0,0.09510086455331412,6.36599423631124,183.34582132564842,7.665706051873199,109.507204610951,3.7060518731988474,310.68587896253604,81.3631641436628,18.07750816265954,0.5110937963787474,0.04637874740279014,0.0018551498961116054,0.0,310.68587896253604,0.030609973285841495,2.0490130602552687,59.01324577025824,2.467349361828436,35.24692045117245,1.1928613831997625
South,2016,36.71787709497207,255.15921787709496,48.391061452513966,1.7094972067039107,0.2206703910614525,0.002793296089385475,0.0,0.13687150837988826,5.575418994413408,189.9385474860335,7.849162011173185,97.91340782122904,4.069832402234637,305.4832402234637,83.52642118449566,15.840823678940774,0.559604253723837,0.07223649680422078,0.0009143860354964659,0.0,305.48324022346367,0.04480491573932683,1.825114526850946,62.1764216416887,2.5694247597450697,32.05197370225762,1.3322604537183507
South,2017,36.005464480874316,268.87704918032784,48.17486338797814,1.685792349726776,0.21584699453551912,0.00273224043715847,0.00273224043715847,0.08469945355191257,5.032786885245901,183.37431693989072,20.6448087431694,105.99180327868852,3.830601092896175,318.95901639344265,84.29830647855471,15.103778514463889,0.5285294545952937,0.06767232887038607,0.0008566117578529882,0.0008566117578529882,318.95901639344265,0.026554964493442634,1.577878857965204,57.491498128303306,6.472558442337179,33.230539922390975,1.2009696845098896
South,2018,34.33424657534247,269.06575342465754,49.87123287671233,2.106849315068493,0.18904109589041096,0.005479452054794521,0.0,0.06575342465753424,4.101369863013699,182.19452054794522,22.09315068493151,109.26575342465753,3.5178082191780824,321.2383561643835,83.75891242793301,15.524681881758948,0.6558523521986832,0.058847610275304475,0.0017057278340667967,0.0,321.2383561643836,0.02046873400880155,1.2767372837989968,56.71630334663801,6.877494626957321,34.013918739125984,1.0950772694708832
South,2019,35.71389645776567,270.75204359673023,49.85286103542234,1.4114441416893733,0.05994550408719346,0.0027247956403269754,0.0,0.12806539509536785,4.4959128065395095,186.58310626702996,23.416893732970028,104.36784741144415,3.087193460490463,322.0790190735695,84.06385624730336,15.47845655355617,0.4382291481603681,0.01861204876356776,0.0008460022165258072,0.0,322.0790190735695,0.03976210417671294,1.395903657267582,57.93084777882117,7.270543048822788,32.404422899588,0.9585205113237396
South,2020,32.28763440860215,284.4059139784946,34.016129032258064,0.967741935483871,0.10752688172043011,0.0,0.0,0.09408602150537634,5.956989247311828,178.82258064516128,20.838709677419356,110.74731182795699,3.0376344086021505,319.49731182795693,89.01668447578102,10.646765331964698,0.30289517302886765,0.03365501922542974,0.0,0.0,319.49731182795705,0.029448141822251007,1.864488065088807,55.9699797228509,6.522342725888282,34.66298705123135,0.9507542931183898
South,2021,31.37378640776699,57.79611650485437,6.893203883495145,0.13592233009708737,0.019417475728155338,0.0,0.0,0.10194174757281553,1.087378640776699,33.03398058252427,4.393203883495145,25.41747572815534,0.8106796116504854,64.84466019417476,89.13010929779907,10.63033388231771,0.20961221739781402,0.029944602485402004,0.0,0.0,64.84466019417475,0.15720916304836055,1.6768977391825126,50.94325497829016,6.774966312322205,39.19748465339123,1.2501871537655338
West,1980,53.86138613861386,179.86138613861385,86.76237623762377,35.28712871287129,17.84158415841584,7.821782178217822,0.039603960396039604,88.0990099009901,51.13861386138614,130.07920792079207,58.2970297029703,0.0,0.0,327.6138613861386,54.90042007918039,26.48312127897489,10.770951071353018,5.445918583214966,2.3875003777690473,0.01208860950769138,327.6138613861386,26.891111849859474,15.609417026806494,39.70503792801233,17.79443319532171,0.0,0.0
West,1981,56.63809523809524,185.2095238095238,85.5047619047619,35.819047619047616,19.590476190476192,7.171428571428572,0.01904761904761905,91.29523809523809,48.17142857142857,135.83809523809524,58.00952380952381,0.0,0.0,333.31428571428575,55.566032344705405,25.65289445111149,10.746328361620662,5.877478713069318,2.151551517229556,0.005714612263557918,333.3142857142857,27.390136579233097,14.452254414537974,40.753757357563295,17.40385164866564,0.0,0.0
West,1982,51.049019607843135,195.81372549019608,85.34313725490196,32.26470588235294,14.57843137254902,5.823529411764706,0.00980392156862745,99.40196078431373,44.990196078431374,136.38235294117646,53.049019607843135,0.0,0.00980392156862745,333.83333333333326,58.656133446888504,25.56459428504303,9.66491439311621,4.366978943349682,1.7444421602889786,0.002936771313617809,333.8333333333333,29.775924348770964,13.476843558192126,40.85342574373734,15.890869577985963,0.0,0.0029367713136178087
West,1983,47.490566037735846,194.5943396226415,78.79245283018868,29.39622641509434,13.339622641509434,5.783018867924528,0.0,93.14150943396227,39.35849056603774,133.00943396226415,55.70754716981132,0.0,0.6886792452830188,321.9056603773585,60.450735595803295,24.476877088095655,9.131938338901588,4.143954047242248,1.7964949299572122,0.0,321.9056603773585,28.93441181642342,12.226715901764257,41.31938338901588,17.30555067112127,0.0,0.21393822167516557
West,1984,49.5607476635514,183.34579439252337,85.49532710280374,31.0,15.05607476635514,5.859813084112149,0.0,89.6355140186916,45.242990654205606,124.67289719626169,59.57943925233645,0.0,1.6261682242990654,320.7570093457944,57.16033915095714,26.654235016462223,9.664636811281722,4.693919174849218,1.826869846449695,0.0,320.7570093457944,27.944989947845343,14.105066868680982,38.868331342326854,18.574633606246906,0.0,0.5069782348999154
West,1985,48.156716417910445,155.40298507462686,70.06716417910448,24.94776119402985,12.082089552238806,4.634328358208955,0.007462686567164179,63.634328358208954,35.88805970149254,107.93283582089552,43.649253731343286,0.0,16.03731343283582,267.14179104477614,58.17247255356593,26.228454898455176,9.338771405425035,4.522725368047601,1.7347822443221497,0.002793530184093639,267.14179104477614,23.820431879766456,13.43408665530631,40.4028270525463,16.339358046763692,0.0,6.00329636561723
West,1986,46.36184210526316,142.16447368421052,69.75657894736842,22.269736842105264,9.243421052631579,3.8684210526315788,0.006578947368421052,49.83552631578947,29.592105263157894,93.92105263157895,34.8421052631579,0.0,39.11842105263158,247.3092105263158,57.484504269639004,28.20621957383416,9.004814982309595,3.737596765183155,1.5642041978133063,0.002660211220770929,247.30921052631578,20.151099997339788,11.96563007102764,37.97717538772579,14.088478625202844,0.0,15.817615918703948
West,1987,44.30246913580247,142.8827160493827,69.41358024691358,19.987654320987655,8.802469135802468,3.623456790123457,0.012345679012345678,53.117283950617285,26.234567901234566,94.1358024691358,34.00617283950617,0.0,37.22839506172839,244.72222222222226,58.38567284651279,28.364232564005547,8.167486442174296,3.5969226888636645,1.48064068608904,0.005044772354647495,244.72222222222223,21.705133055870853,10.720141253625929,38.46638920418716,13.895825450876528,0.0,15.212511035439524
West,1988,41.7953216374269,158.19883040935673,67.64327485380117,20.333333333333332,7.953216374269005,3.6315789473684212,0.029239766081871343,47.53216374269006,25.12280701754386,97.29239766081871,32.409356725146196,5.228070175438597,50.2046783625731,257.7894736842105,61.36745156753324,26.239735039245044,7.887573159112563,3.085159475522889,1.4087382605144958,0.011342498071775328,257.7894736842105,18.438364865477975,9.745474343269361,37.741028084025224,12.572024862755773,2.028038655233429,19.475069189238237
West,1989,41.2485549132948,166.96531791907515,65.64739884393063,19.809248554913296,6.815028901734104,2.9653179190751446,0.046242774566473986,44.54913294797688,25.21965317919075,99.42774566473989,31.38150289017341,5.826589595375722,55.84393063583815,262.24855491329475,63.66682095704116,25.032511186052155,7.553615905133462,2.5986907359650866,1.1307280301527478,0.01763318565540347,262.2485549132948,16.987370230774317,9.616698626815666,37.913553307324385,11.96632061539818,2.221781392580837,21.294275827106613
West,1990,39.48022598870057,175.87570621468927,62.112994350282484,17.316384180790962,5.824858757062147,2.2203389830508473,0.04519774011299435,36.24858757062147,23.98870056497175,112.38983050847457,29.180790960451976,4.497175141242938,57.090395480225986,263.3954802259887,66.77248450269192,23.581647755303404,6.574290555758135,2.2114497758520835,0.8429677613092811,0.01715964908517621,263.3954802259887,13.762038566311318,9.107483751957272,42.66961240642629,11.078698440616888,1.7073850839750326,21.674781750713194
West,1991,38.375,171.30434782608697,65.625,15.91304347826087,5.233695652173913,2.1630434782608696,0.04891304347826087,34.63586956521739,23.184782608695652,112.9836956521739,24.581521739130434,5.005434782608695,59.89673913043478,260.2880434782609,65.81337564988621,25.212452759275884,6.113628296410749,2.010732257323617,0.8310191468481825,0.018791890255360908,260.2880434782609,13.306746288601673,8.907355981041071,43.40717850207754,9.443968847221932,1.923036769465266,23.01171361159251
West,1992,37.752631578947366,180.65263157894736,57.194736842105264,15.347368421052632,5.573684210526316,1.9157894736842105,0.05789473684210526,32.27894736842105,26.526315789473685,114.65263157894736,20.794736842105262,4.747368421052632,61.742105263157896,260.7421052631579,69.28402737126824,21.935366665993826,5.886033790193981,2.137623382652752,0.7347449587210594,0.0222038311701419,260.7421052631579,12.379645142407298,10.173391736137745,43.97165983730647,7.9752124502936965,1.820714155951636,23.679376677903154
West,1993,37.026737967914436,199.0427807486631,56.32620320855615,13.342245989304812,4.593582887700535,1.7967914438502675,0.0427807486631016,31.657754010695186,29.433155080213904,124.64171122994652,21.053475935828878,4.663101604278075,63.6951871657754,275.14438502673795,72.34121122599704,20.471507424395554,4.849179818082874,1.6695172199331416,0.6530358392287958,0.015548472362590375,275.144385026738,11.505869548316875,10.697348985462177,45.30047422840705,7.6517919614397885,1.6947834875223506,23.149731788851742
West,1994,37.21134020618557,193.51030927835052,60.41752577319588,15.422680412371134,4.654639175257732,1.8144329896907216,0.05670103092783505,29.690721649484537,30.675257731958762,126.54639175257732,17.427835051546392,6.242268041237113,65.29381443298969,275.87628865979383,70.14387144992526,21.900224215246634,5.590433482810164,1.6872197309417039,0.6576980568011958,0.020553064275037367,275.87628865979383,10.762331838565022,11.119207772795216,45.87070254110613,6.317264573991031,2.26270553064275,23.667787742899847
West,1995,34.31527093596059,200.88669950738915,50.69458128078818,13.472906403940886,4.758620689655173,1.561576354679803,0.12807881773399016,31.798029556650246,28.689655172413794,118.85221674876847,21.807881773399014,7.014778325123153,63.33990147783251,271.50246305418716,73.99074662070217,18.671867912546496,4.962351446974508,1.752698902295201,0.5751610269436633,0.047174090537966076,271.50246305418716,11.711875170098885,10.566996280504402,43.7757416311349,8.032296108137531,2.5836886510024497,23.32940215912184
West,1996,33.86138613861386,195.8910891089109,51.89108910891089,14.985148514851485,5.376237623762377,1.3514851485148516,0.0594059405940594,30.995049504950494,29.663366336633665,120.39108910891089,18.940594059405942,7.574257425742574,61.99009900990099,269.55445544554453,72.67217630853996,19.25068870523416,5.559228650137742,1.9944903581267222,0.5013774104683196,0.02203856749311295,269.5544554455446,11.49862258953168,11.00459136822773,44.662993572084474,7.026629935720845,2.8099173553719003,22.99724517906336
West,1997,33.63861386138614,207.95049504950495,49.02970297029703,11.391089108910892,3.1435643564356437,0.6237623762376238,0.06435643564356436,27.722772277227723,28.712871287128714,125.24257425742574,18.06930693069307,7.282178217821782,65.17326732673267,272.2029702970297,76.3953805583341,18.012185141402203,4.184777666636355,1.154860416477221,0.22915340547422025,0.023642811675911615,272.2029702970297,10.184595798854232,10.548331363099027,46.01073019914522,6.6381740474674915,2.6752750750204597,23.942893516413566
West,1998,33.74874371859296,204.76884422110552,51.437185929648244,13.06030150753769,4.597989949748744,1.3115577889447236,0.05527638190954774,27.91457286432161,27.98994974874372,136.3718592964824,16.613065326633166,9.045226130653266,57.2964824120603,275.23115577889445,74.3988607109602,18.688722133976015,4.745211882200436,1.6705921016596377,0.4765295503094704,0.020083620894268867,275.2311557788945,10.142228551605777,10.169615307370687,49.548118529878934,6.036040970586623,3.2864106917894502,20.817585948768507
West,1999,36.758620689655174,192.82266009852216,64.54679802955665,15.891625615763546,5.349753694581281,0.4876847290640394,0.07389162561576355,21.41871921182266,21.68472906403941,126.90147783251231,15.10344827586207,42.532019704433495,51.532019704433495,279.17241379310343,69.06938170525127,23.120765104460762,5.69240542066629,1.9162902315076231,0.17468944099378886,0.026468097120271036,279.17241379310343,7.672219085262563,7.767504234895539,45.456309994353475,5.4100790513834,15.235036702428006,18.458850931677016
West,2000,34.663594470046085,191.12442396313364,59.617511520737324,14.161290322580646,4.617511520737327,0.45161290322580644,0.1336405529953917,16.86635944700461,17.11520737327189,118.70046082949308,10.47004608294931,63.193548387096776,43.76036866359447,270.10599078341016,70.75904662788119,22.071895313326394,5.242864211011209,1.709518366232747,0.1671984030846399,0.049477078463822016,270.1059907834101,6.244348523365124,6.336478255677069,43.94588231279751,3.8762731817173672,23.395833688772118,16.201184037670828
West,2001,34.86818181818182,192.70454545454547,60.75,13.168181818181818,4.472727272727273,0.5636363636363636,0.16363636363636364,13.190909090909091,15.318181818181818,121.40454545454546,9.209090909090909,69.13636363636364,43.56363636363636,271.8227272727273,70.89346332001136,22.349124596578648,4.84440059530777,1.6454574338221766,0.20735439206702225,0.06019966221300646,271.82272727272726,4.852761659504022,5.635357268273107,44.66313272353305,3.387903212320864,25.434357284995237,16.026487851373723
West,2002,35.63755458515284,182.93886462882097,63.18777292576419,14.462882096069869,5.183406113537118,0.7510917030567685,0.1572052401746725,10.314410480349345,14.187772925764191,118.91266375545851,8.449781659388647,73.70742358078603,41.109170305676855,266.68122270742356,68.59832978549207,23.69412149991813,5.423284755198952,1.9436711969870641,0.2816440150646799,0.05894874733911905,266.68122270742356,3.867692811527755,5.320124447355494,44.589814966431966,3.168495169477649,27.638775176027515,15.41509742917963
West,2003,34.418103448275865,191.54741379310346,60.62068965517241,13.35344827586207,4.318965517241379,0.8362068965517241,0.1336206896551724,11.758620689655173,15.586206896551724,120.13362068965517,7.9655172413793105,75.52586206896552,39.84051724137931,270.8103448275863,70.73120264850066,22.384923919271657,4.930922518622269,1.5948303304259244,0.30877952505252426,0.04934105812694975,270.8103448275862,4.3420131151715795,5.755395683453237,44.360794550200545,2.9413637231807472,27.888839370981096,14.711593557012796
West,2004,34.12608695652174,216.8913043478261,66.63913043478261,11.273913043478261,3.1826086956521737,0.30869565217391304,0.1782608695652174,7.630434782608695,12.521739130434783,119.99565217391304,9.513043478260869,110.7304347826087,38.082608695652176,298.4739130434783,72.66675406779413,22.32661801337237,3.7771853923582275,1.0662937551894416,0.10342466751154421,0.05972410377427201,298.47391304347826,2.556482978630424,4.1952541187781325,40.20306195283253,3.187227781905053,37.09886524202829,12.759107925825578
West,2005,32.66244725738397,224.95358649789029,64.66666666666667,10.772151898734178,3.0759493670886076,0.350210970464135,0.09282700421940929,6.113924050632911,11.717299578059071,114.88607594936708,7.818565400843882,122.9915611814346,40.38396624472574,303.91139240506334,74.01946492287614,21.278131811681728,3.5445041442792284,1.0121204548294387,0.11523456481597177,0.030544101517486495,303.9113924050633,2.0117455954017243,3.855498632457273,37.80249073264193,2.57264636872284,40.469546142418814,13.288072528357423
West,2006,34.32217573221757,215.56903765690376,70.2970711297071,12.665271966527197,3.9707112970711296,0.4351464435146444,0.24686192468619247,3.807531380753138,11.096234309623432,115.18410041841004,7.2092050209205025,122.7489539748954,43.13807531380753,303.1841004184101,71.10169608479042,23.18626571535032,4.177419577427857,1.3096700293951227,0.14352548267343812,0.08142311036281585,303.18410041841,1.2558479733925836,3.659899808172672,37.991471274202674,2.377830833137826,40.48660658837168,14.22834352272257
West,2007,35.85892116182573,219.448132780083,75.68464730290457,12.132780082987551,3.1742738589211617,0.24896265560165975,0.16597510373443983,4.149377593360996,8.904564315352697,121.50622406639005,8.020746887966805,130.44398340248964,37.829875518672196,310.85477178423236,70.5950664744514,24.34726894121416,3.9030380693042876,1.0211436809226333,0.08008970046452027,0.05339313364301351,310.8547717842324,1.3348283410753377,2.8645416199476745,39.08777831170911,2.5802231832986275,41.96299855838539,12.16962998558385
West,2008,36.55102040816327,216.47755102040816,74.86530612244898,11.048979591836735,4.2326530612244895,0.6448979591836734,0.10204081632653061,3.436734693877551,7.869387755102041,121.9673469387755,7.791836734693877,132.25714285714287,34.04897959183673,307.3714285714285,70.42865110349774,24.35662497012191,3.5946670915996077,1.377048309563647,0.20981063925849205,0.033197885958622164,307.37142857142857,1.1181047990863942,2.560220965128941,39.68076912862189,2.5349905718003876,43.02844394868935,11.07747058667304
West,2009,35.46311475409836,233.35655737704917,70.79508196721312,8.454918032786885,3.180327868852459,0.20081967213114754,0.10655737704918032,1.8442622950819672,5.872950819672131,126.88524590163935,7.487704918032787,140.70491803278688,33.299180327868854,316.09426229508205,73.82498995163819,22.396826014236257,2.6748090811259346,1.006132742100691,0.0635315777872859,0.033710633111621084,316.094262295082,0.583453265393442,1.8579745095751161,40.141584659068805,2.368820257497374,44.51359446108366,10.534572847381591
West,2010,34.542857142857144,241.5183673469388,68.46938775510205,7.844897959183673,2.5755102040816324,0.24081632653061225,0.15510204081632653,1.6979591836734693,5.375510204081633,136.5387755102041,7.228571428571429,139.8,30.163265306122447,320.8040816326531,75.28531623344402,21.343053806124914,2.4453859562069793,0.8028296245403768,0.07506647836431415,0.04834790131938878,320.8040816326531,0.5292822881280455,1.6756364746746057,42.56142091937351,2.25326666412204,43.577999160273286,9.4023944934285
West,2011,36.096774193548384,230.2540322580645,79.93548387096774,10.40725806451613,2.6129032258064515,0.1975806451612903,0.1774193548387097,1.6733870967741935,5.350806451612903,137.80241935483872,7.120967741935484,139.45967741935485,32.17741935483871,323.5846774193549,71.15727298782538,24.703111565253145,3.216239454697255,0.8074866976535531,0.06105995090281498,0.05482934366783386,323.5846774193549,0.517140400503433,1.6536031601639893,42.58620045109596,2.200650475395332,43.098356365811405,9.944049147029869
West,2012,37.093117408906885,233.23076923076923,81.06882591093117,11.449392712550607,3.4412955465587043,0.21862348178137653,0.19838056680161945,0.5263157894736842,5.445344129554656,146.37246963562754,7.08502024291498,137.12955465587044,33.04858299595141,329.6072874493927,70.76019800277598,24.595580558387482,3.473646714898112,1.044059302568386,0.06632847333963864,0.060186948030412836,329.6072874493927,0.15967965803987078,1.65207030818174,44.40814120594992,2.14953385822903,41.603920749757414,10.026654219842039
West,2013,37.699186991869915,232.14634146341464,82.47154471544715,10.199186991869919,2.959349593495935,0.23983739837398374,0.16666666666666666,0.18292682926829268,4.784552845528455,148.1869918699187,5.682926829268292,138.3658536585366,30.979674796747968,328.1829268292683,70.73687339749544,25.129748677740203,3.1077750114575204,0.9017378271586588,0.07308040082741878,0.05078468532074864,328.18292682926835,0.055739288766675325,1.4578920639639301,45.15377850445294,1.73163390435138,42.16119802311322,9.439758215351837
West,2014,36.349794238683124,247.19753086419752,72.40329218106996,8.872427983539094,2.3786008230452675,0.09465020576131687,0.12757201646090535,0.07818930041152264,5.061728395061729,156.320987654321,5.7407407407407405,132.6255144032922,31.246913580246915,331.074074074074,74.66532423462729,21.86921231557097,2.6798921082397986,0.7184497395930444,0.028588830468235328,0.038532771500665,331.0740740740741,0.023616859952020487,1.528880933736063,47.216318007234214,1.733974717529925,40.05916644914296,9.438043032404817
West,2015,35.55731225296443,244.82213438735178,71.10671936758894,8.57312252964427,2.7549407114624507,0.13438735177865613,0.13043478260869565,0.08300395256916997,5.031620553359684,152.09486166007906,4.8142292490118574,138.2094861660079,27.288537549407113,327.52173913043475,74.74988836996006,21.710534255337127,2.617573585315521,0.841147436129515,0.04103158225022025,0.03982477100756671,327.52173913043475,0.025343036095724275,1.536270711897952,46.4380966173081,1.4698960935520076,42.198568721866216,8.331824819280016
West,2016,34.32669322709163,258.601593625498,63.24701195219124,7.952191235059761,2.1075697211155378,0.11553784860557768,0.15139442231075698,0.0199203187250996,4.426294820717131,155.62549800796813,4.617529880478088,139.1195219123506,28.366533864541832,332.17529880478094,77.8509403185569,19.040251391287658,2.393974285165995,0.6344751487238532,0.034782191517942804,0.0455766647476492,332.1752988047809,0.005996929572059106,1.3325177509115331,46.85041258875456,1.3900882748033008,41.88135674534638,8.539627710612166
West,2017,36.71146245059288,237.52173913043478,80.38735177865613,11.063241106719367,3.964426877470356,0.5889328063241107,0.23715415019762845,0.04743083003952569,3.9288537549407114,151.8181818181818,5.830039525691699,146.18577075098815,25.952569169960473,333.7628458498024,71.16482319225031,24.08517088652566,3.3147012150351722,1.1877975415077806,0.17645247625589164,0.07105468842519125,333.7628458498024,0.014210937685038248,1.1771393382440016,45.486843040193264,1.746761090452618,43.799294190094976,7.775751403330096
West,2018,36.2890625,242.98828125,79.62890625,10.25390625,3.8203125,0.37109375,0.0859375,0.03125,4.56640625,152.9296875,4.796875,150.140625,24.68359375,337.1484375,72.07160236357316,23.61835245046924,3.0413625304136254,1.1331247827598192,0.11006835824354073,0.025489514540609434,337.1484375,0.00926891437840343,1.354420113544201,45.35974973931178,1.4227783570849264,44.53249913103928,7.321283744641409
West,2019,33.34496124031008,268.74418604651163,62.96124031007752,4.430232558139535,0.7790697674418605,0.07364341085271318,0.1124031007751938,0.08527131782945736,3.689922480620155,162.51937984496124,3.86046511627907,142.41860465116278,24.527131782945737,337.1007751937984,79.7222094467185,18.677275444970796,1.314216069539622,0.23110886262245325,0.0218461113921722,0.03334406475647335,337.1007751937984,0.02529549740146254,1.09460516028147,48.21091845651474,1.145196155084395,42.24807984178816,7.275904888929771
West,2020,33.972972972972975,254.18146718146718,62.706563706563706,7.61003861003861,4.783783783783784,1.223938223938224,0.7413127413127413,0.05019305019305019,3.9073359073359075,148.77606177606177,3.393822393822394,147.8841698841699,27.235521235521237,331.24710424710423,76.73469863508679,18.930448871120024,2.2973902299721423,1.4441737670905552,0.369494014663201,0.22379448206730151,331.24710424710423,0.015152751389973542,1.1795834158964018,44.91392071614234,1.0245591132143648,44.64466797990512,8.222116023451797
West,2021,34.92700729927007,49.96350364963504,7.102189781021898,0.5474452554744526,0.291970802919708,0.291970802919708,0.014598540145985401,0.16058394160583941,1.2262773722627738,31.715328467153284,0.25547445255474455,17.284671532846716,7.569343065693431,58.21167883211678,85.8307210031348,12.20062695924765,0.9404388714733543,0.5015673981191223,0.5015673981191223,0.025078369905956112,58.21167883211679,0.27586206896551724,2.106583072100314,54.48275862068965,0.438871473354232,29.69278996865204,13.003134796238244
